{
  "mean_hedonic": 0.3031120007491123,
  "mean_eudaimonic": 0.2156223369293918,
  "mean_delta": 0.0874896638197205,
  "wilcoxon_p": 8.106676959207993e-31,
  "ttest_p": 1.92839816541595e-59,
  "effect_size_d": 1.8374347679959635
}