dimension,n,shapiro_W,shapiro_p,wilcoxon_T,wilcoxon_p,rank_biserial_r,cohen_d
Foundational claim,189,0.9626652716371387,6.479392416340764e-05,16837.0,8.407080994639006e-26,0.8754664438874966,1.193423976947842
Evaluative criterion,189,0.9705905433963377,0.000519379236844665,17192.0,5.256816053700973e-28,0.9150097465886939,1.3505286924779778
Time horizon,189,0.9501727527205411,3.570357705576069e-06,17840.0,2.823980934210997e-32,0.9871901977165134,2.0458794832149767
Adversity,189,0.9158440398333417,6.281924454275979e-09,16677.0,7.703361208762911e-25,0.8576441102756893,1.1877235823032493
Measurement proxies,189,0.9531367833826622,6.845903003708869e-06,13125.0,1.8184904818252117e-08,0.4619883040935673,0.36225785498494006
Central tension,189,0.9255369704454011,3.131113823481638e-08,15136.0,1.441582385278158e-16,0.6859927596769702,0.6803231136185561
Overall,1134,0.9739401312765139,2.036019597346461e-13,582990.0,2.881194215159677e-124,0.8118080320723493,0.9355435853982267
