{
  "mean_delta": 0.06352549171954816,
  "cohen_d": 1.2276992050422815,
  "wilcoxon_p": 4.9590338972828276e-42,
  "ttest_p": 9.176460960192049e-62,
  "n_observations": 300
}