{
  "mean_delta": 0.052566690029302234,
  "cohen_d": 0.9355435853982267,
  "wilcoxon_p": 2.881194215159677e-124,
  "ttest_p": 5.641313768931489e-157,
  "n_observations": 1134
}