dimension,slope,intercept,r_squared,p_ols,se,ci_95_lo,ci_95_hi,mann_kendall_S,mann_kendall_p,durbin_watson
Foundational claim,0.00026886928329705154,-0.5001814936363616,0.8984229017126601,2.0429181375058598e-13,1.8454108208559748e-05,0.0002319880556840367,0.0003033210387691235,271.0,2.661531492460347e-09,0.5279403092905263
Evaluative criterion,0.0004598007154622488,-0.8612759513041988,0.9322804321876779,1.548470814919849e-15,2.5295765486489006e-05,0.00040445889787033197,0.0005093777994508251,283.0,5.109071120965792e-10,0.6546325912450529
Time horizon,0.0006052133285101781,-1.1089593906270048,0.9772968445886099,3.0545414102253357e-21,1.8829237168698233e-05,0.0005665052896155316,0.000639621428385793,311.0,8.322614823804974e-12,0.939867714831226
Adversity,0.0003996771403248666,-0.7354280123860615,0.910192015414479,4.6333027277896544e-14,2.5626816134934907e-05,0.0003425266432794645,0.00044726273331614834,279.0,8.924193777078857e-10,0.5370882110618082
Measurement proxies,0.0006479246395073359,-1.2607898170880305,0.9311490616487988,1.8901376753238988e-15,3.596368637427811e-05,0.0005693097567521545,0.0007214290274936057,285.0,3.854704914993221e-10,0.5419114796228399
Central tension,0.0003699968697984378,-0.7130064325476408,0.8421785245366925,4.164115967421121e-11,3.269440192791167e-05,0.0002866951795611536,0.00043588033603774216,285.0,3.854704914993221e-10,0.2776224273525793
aggregate,0.00045858032948335297,-0.8632735162648827,0.9398805017326864,3.6974064461923844e-16,2.3674518495739887e-05,0.0004044472231196021,0.0005023841464904765,297.0,6.832029010588747e-11,0.42829319847606484
