{
  "dimension": "aggregate",
  "slope": 0.00045858032948335297,
  "intercept": -0.8632735162648827,
  "r_squared": 0.9398805017326864,
  "p_ols": 3.6974064461923844e-16,
  "se": 2.3674518495739887e-05,
  "ci_95_lo": 0.0004044472231196021,
  "ci_95_hi": 0.0005023841464904765,
  "mann_kendall_S": 297.0,
  "mann_kendall_p": 6.832029010588747e-11,
  "durbin_watson": 0.42829319847606484,
  "n_years": 26
}