dimension,slope,intercept,r_squared,p_ols,se,ci_95_lo,ci_95_hi,mann_kendall_S,mann_kendall_p,durbin_watson
Foundational claim,9.11873579662535e-06,-0.020969095924433894,0.1571103779881378,7.409814888165802e-06,1.9443594075515084e-06,4.154072306093355e-06,1.3483420811226955e-05,2512.0,1.2297341511155393e-08,1.5382941626651705
Evaluative criterion,5.377003146266341e-06,-0.02717121862374293,0.04220190273595699,0.024392291917294116,2.358143641955644e-06,1.5990183889782712e-06,9.73221806889074e-06,914.0,0.03836780519292983,1.2774046097811202
Time horizon,4.588189623893859e-05,-0.09473387608312936,0.5684207848300761,2.841896378274833e-23,3.680405239223197e-06,3.835929032857084e-05,5.374986509325984e-05,3674.0,7.999491638057352e-17,1.2959614107204334
Adversity,8.240887403261792e-06,-0.021211101290197296,0.0681398177124568,0.0039808035114516005,2.805484479865781e-06,3.1337352477832427e-06,1.3505404062600158e-05,1312.0,0.0029426774327269197,2.1106272292176174
Measurement proxies,-7.193158069783684e-06,-0.007436993720000973,0.04411572322059486,0.02130648720067661,3.082368499531856e-06,-1.2953953693269411e-05,-9.52670501474187e-07,-1094.0,0.013168228447100444,1.2646738415042216
Central tension,4.131738137762623e-06,-0.04294978259407658,0.02456702723222815,0.08734011841644836,2.3967028794926575e-06,-5.549795376874113e-07,9.335922589527708e-06,300.0,0.49764240811893024,1.4983205529731118
aggregate,1.0926183775511829e-05,-0.03574534470593016,0.21346089476846752,1.0850871006219435e-07,1.9307608961412836e-06,7.966589967138701e-06,1.4068047428597563e-05,2152.0,1.0663296531235228e-06,1.3934051890271804
