{
  "dimension": "aggregate",
  "slope": 1.0926183775511829e-05,
  "intercept": -0.03574534470593016,
  "r_squared": 0.21346089476846752,
  "p_ols": 1.0850871006219435e-07,
  "se": 1.9307608961412836e-06,
  "ci_95_lo": 7.966589967138701e-06,
  "ci_95_hi": 1.4068047428597563e-05,
  "mann_kendall_S": 2152.0,
  "mann_kendall_p": 1.0663296531235228e-06,
  "durbin_watson": 1.3934051890271804,
  "n_years": 120,
  "year_range": "1900-2019"
}