domain,n,mean_delta,cohen_d,wilcoxon_p,p_adjusted
Anxiety & Stress,23,0.07987128917409,4.442016952203899,1.1920928955078125e-07,7.152557373046875e-07
Eudaimonic & Flourishing,49,0.008285036413584933,0.18139949178879358,0.09717347645273833,0.09717347645273833
Functional & Quality of Life,29,0.044894329403836364,1.5913408952997046,3.5390257835388184e-08,2.477318048477173e-07
General Distress & Psychopathology,39,0.07244761563023068,2.732259574668921,1.8189894035458565e-12,1.4551915228366852e-11
Mood & Depression,18,0.08406210385601282,3.8393676119854843,3.814697265625e-06,1.9073486328125e-05
Psychosis & Severe Mental Illness,13,0.06467695985084194,2.8231949128346385,0.0001220703125,0.00048828125
Substance Use & Addiction,8,0.06097128090568155,5.754855998845651,0.00390625,0.0078125
Trauma & PTSD,10,0.07230168232635098,4.292229994824811,0.0009765625,0.0029296875
