{
  "observed_delta": 0.052566690029302234,
  "perm_p": 0.0,
  "null_mean": 0.00024438937663159334,
  "null_sd": 0.024173627668195433
}