top_n,mean_delta_raw,cohen_d_raw,mean_delta_weighted,cohen_d_weighted
20,0.06439447868710016,1.8150738264482424,0.06736577129763359,2.206079234919274
50,0.06352549171954816,1.6620722560008736,0.06590563226608424,1.9529226304191343
100,0.06031216780493524,1.6146460878635307,0.06500300186969218,1.9107944760077094
150,0.05744244479318792,1.481615754487704,0.0645379991609163,1.8790603603546432
189,0.05256669002930223,1.2573416025438187,0.06446974359470552,1.875005751987514
