{
  "spearman_rho": 0.22605254881257697,
  "spearman_p": 0.0017619272954248056
}