domain,n,slope,slope_per_decade,total_change_25yr,slope_ci_lo,slope_ci_hi,r_squared,p_ols,p_adjusted
Anxiety & Stress,23,0.0001847273557561672,0.0018472735575616721,0.00461818389390418,0.00016533469278094304,0.00020416673920319736,0.9360683412597527,7.746681268913567e-16,4.64800876134814e-15
Eudaimonic & Flourishing,49,0.0008995710232999651,0.008995710232999651,0.02248927558249913,0.0006793273987691504,0.001133259553658095,0.7688220024403267,4.235073829324374e-09,1.2705221487973121e-08
Functional & Quality of Life,29,0.00045088118444566364,0.004508811844456636,0.011272029611141592,0.00041219357349359115,0.000483048939260937,0.9657479022516978,4.271057974268883e-19,3.4168463794151063e-18
General Distress & Psychopathology,39,-0.0002598627057517965,-0.002598627057517965,-0.006496567643794912,-0.0003647851165379019,-0.00016878924840486393,0.6117490972750567,2.3621735453475347e-06,4.7243470906950695e-06
Mood & Depression,18,0.0008807763499016726,0.008807763499016727,0.022019408747541817,0.0007796003664485631,0.000959075506471374,0.9474050407944435,7.40373147320152e-17,5.182612031241065e-16
Psychosis & Severe Mental Illness,13,-0.0004305468057463498,-0.004305468057463498,-0.010763670143658746,-0.0005444384719810906,-0.0003348671740453881,0.8306982681323338,9.731544248822774e-11,4.077496790173355e-10
Substance Use & Addiction,8,0.00020867696641899006,0.0020867696641899006,0.005216924160474751,0.0001729423155291962,0.0002560473496804014,0.833154863965571,8.15499358034671e-11,4.077496790173355e-10
Trauma & PTSD,10,9.426082399745188e-05,0.0009426082399745187,0.002356520599936297,-2.019901543691803e-05,0.00021056013158448722,0.13704013708991197,0.06266974890559947,0.06266974890559947
